Spielername_fifa,Spielername_transfermarkt,id_name,id_alt
Xavi HERNANDEZ,,xavi hernandez,xavi hernandez
,Xavi,xavi,xavi hernandez
Victor FAYZULIN,,victor fayzulin,victor fayzulin
,Viktor Faizulin,viktor faizulin,victor fayzulin
Vasily Berezutski,,vasily berezutski,vasily berezutski
,Vasili Berezutski,vasili berezutski,vasily berezutski
Stéphane M'Bia,,stephane m'bia,stephane m'bia
,Stéphane Mbia,stephane mbia,stephane m'bia
Sokratis PAPASTATHOPOULOS,,sokratis papastathopoulos,sokratis papastathopoulos
,Sokratis,sokratis,sokratis papastathopoulos
Šime VRSALJKO,,šime vrsaljko,šime vrsaljko
,Sime Vrsaljko,sime vrsaljko,šime vrsaljko
Samuel ETOO,,samuel etoo,samuel etoo
,Samuel Eto'o,samuel eto'o,samuel etoo
Rais MBOLHI,,rais mbolhi,rais mbolhi
,Raïs M'Bolhi,rais m'bolhi,rais mbolhi
Moussa DEMBELE,,moussa dembele,moussa dembele
,Mousa Dembélé,mousa dembele,moussa dembele
Michael UMANA,,michael umana,michael umana
,Michael Umaña,michael umaña,michael umana
Medhi LACEN,,medhi lacen,medhi lacen
,Mehdi Lacen,mehdi lacen,medhi lacen
,Marcos Ureña,marcos ureña,marcos ureña
Marcos URENA,,marcos urena,marcos urena
Kevin-Prince BOATENG,,kevin-prince boateng,kevin-prince boateng
,Kevin-Prince Boateng,kevin prince boateng,kevin-prince boateng
Karim ANSARI FARD,,karim ansari fard,karim ansari fard
,Karim Ansarifard,karim ansarifard,karim ansari fard
Johnny ACOSTA,,johnny acosta,johnny acosta
,Jhonny Acosta,jhonny acosta,johnny acosta
John Obi MIKEL,,john obi mikel,john obi mikel
,John Mikel Obi,john mikel obi,john obi mikel
John Brooks,,john brooks,john brooks
,John Anthony Brooks,john anthony brooks,john brooks
Jean MAKOUN,,jean makoun,jean makoun
,Jean II Makoun,jean ii makoun,jean makoun
Ivan Perišic,,ivan perišic,ivan perišic
,Ivan Perisic,ivan perisic,ivan perišic
Fatawu DAUDA,,fatawu dauda,fatawu dauda
,Fatau Dauda,fatau dauda,fatawu dauda
Esseid BELKALEM,,esseid belkalem,esseid belkalem
,Essaïd Belkalem,essaid belkalem,esseid belkalem
Eric Maxim Choupo-Moting,,eric maxim choupo-moting,eric maxim choupo-moting
,Eric Maxim Choupo-Moting,eric maxim choupo moting,eric maxim choupo-moting
Emmanuel Agyemang Badu,,emmanuel agyemang badu,emmanuel agyemang badu
,Emmanuel Badu,emmanuel badu,emmanuel agyemang badu
El Arabi SOUDANI,,el arabi soudani,el arabi soudani
,El Arbi Hillel Soudani,el arbi hillel soudani,el arabi soudani
Ehsan HAJI SAFI,,ehsan haji safi,ehsan haji safi
,Ehsan Hajsafi,ehsan hajsafi,ehsan haji safi
Egidio AREVALO,,egidio arevalo,egidio arevalo
,Egidio Arévalo Ríos,egidio arevalo rios,egidio arevalo
Dmitry Kombarov,,dmitry kombarov,dmitry kombarov
,Dmitri Kombarov,dmitri kombarov,dmitry kombarov
Didier Konan,,didier konan,didier konan
,Didier Ya Konan,didier ya konan,didier konan
Christian BOLANOS,,christian bolanos,christian bolanos
,Christian Bolaños,christian bolaños,christian bolanos
Boubacar BARRY,,boubacar barry,boubacar barry
,Boubacar Copa,boubacar copa,boubacar barry
Andranik TIMOTIAN,,andranik timotian,andranik timotian
,Andranik Teymourian,andranik teymourian,andranik timotian
Alireza JAHAN BAKHSH,,alireza jahan bakhsh,alireza jahan bakhsh
,Alireza Jahanbakhsh,alireza jahanbakhsh,alireza jahan bakhsh
Alexandre SONG,,alexandre song,alexandre song
,Alex Song,alex song,alexandre song
Abdul MAJEED WARIS,,abdul majeed waris,abdul majeed waris
Adrián Ramos,,adrian ramos,
Bacary SAGNA,,bacary sagna,
Christian Stuani,,christian stuani,christian stuani
Dani ALVES,,dani alves,
David SILVA,,david silva,
Emmanuel Emenike,,emmanuel emenike,
Francisco RODRIGUEZ,,francisco rodriguez,francisco rodriguez
Fredy GUARIN,,fredy guarin,
Gokhan INLER,,gokhan inler,
Han Kook-Young,,han kook-young,han kook-young
HONG Jeongho,,hong jeongho,hong jeongho
HWANG Seokho,,hwang seokho,hwang seokho
Igor AKINFEEV,,igor akinfeev,
Igor DENISOV,,igor denisov,
Iker CASILLAS,,iker casillas,
Ioannis Fetfazidis,,ioannis fetfazidis,ioannis fetfazidis
Ioannis MANIATIS,,ioannis maniatis,ioannis maniatis
Ismael TIOTE,,ismael tiote,
Jalal HOSSEINI,,jalal hosseini,jalal hosseini
Javier HERNANDEZ,,javier hernandez,javier hernandez
Javier MASCHERANO,,javier mascherano,
JI Dongwon,,ji dongwon,ji dongwon
José Basanta,,jose basanta,
Jose CHOLEVAS,,jose cholevas,jose cholevas
Jose CUBERO,,jose cubero,jose cubero
José María Giménez,,jose maria gimenez,jose maria gimenez
Jose VAZQUEZ,,jose vazquez,jose vazquez
Juan Mata,,juan mata,
Juan PAREDES,,juan paredes,juan paredes
Juan ZUNIGA,,juan zuniga,
JUNG Sungryong,,jung sungryong,jung sungryong
Keisuke HONDA,,keisuke honda,
KI Sungyueng,,ki sungyueng,ki sungyueng
KIM Bokyung,,kim bokyung,kim bokyung
KIM Seunggyu,,kim seunggyu,kim seunggyu
KIM Shinwook,,kim shinwook,kim shinwook
KIM Younggwon,,kim younggwon,kim younggwon
KOO Jacheol,,koo jacheol,koo jacheol
LEE Chungyong,,lee chungyong,lee chungyong
LEE Keunho,,lee keunho,lee keunho
LEE Yong,,lee yong,lee yong
Madjid BOUGUERRA,,madjid bouguerra,
Mario MANDZUKIC,,mario mandzukic,
Marouane FELLAINI,,marouane fellaini,
Mathieu Valbuena,,mathieu valbuena,
Maximiliano PEREIRA,,maximiliano pereira,maximiliano pereira
Michael BABATUNDE,,michael babatunde,michael babatunde
Mohammed RABIU,,mohammed rabiu,mohammed rabiu
Okechukwu UCHEBO,,okechukwu uchebo,okechukwu uchebo
Oscar,,oscar,
PARK Chuyoung,,park chuyoung,park chuyoung
Ricardo ALVAREZ,,ricardo alvarez,
Rodrigo PALACIO,,rodrigo palacio,
Ruben GABRIEL,,ruben gabriel,ruben gabriel
Serey DIE,,serey die,serey die
SON Heungmin,,son heungmin,son heungmin
Souleymane BAMBA,,souleymane bamba,souleymane bamba
VARELA,,varela,varela
Vasileios TOROSIDIS,,vasileios torosidis,vasileios torosidis
Wesley SNEIJDER,,wesley sneijder,
William,,william,william
Xabi Alonso,,xabi alonso,
Yohan Cabaye,,yohan cabaye,
YUN Sukyoung,,yun sukyoung,yun sukyoung
Yuto NAGATOMO,,yuto nagatomo,
,Adrián Bone,adrian bone,
,Agustín Orion,agustin orion,
,Alan Pulido,alan pulido,
,Alberto Aquilani,alberto aquilani,
,Aleksey Ionov,aleksey ionov,
,Alex Oxlade-Chamberlain,alex oxlade chamberlain,
,Alexandros Tziolis,alexandros tziolis,
,Alfredo Talavera,alfredo talavera,
,Andrey Semenov,andrey semenov,
,Asmir Avdukic,asmir avdukic,
,Augusto Fernández,augusto fernandez,
,Austin Ejide,austin ejide,
,Azubuike Egwuekwe,azubuike egwuekwe,
,Bailey Wright,bailey wright,
,Bakhtiar Rahmani,bakhtiar rahmani,
,Beom-yeong Lee,beom yeong lee,
,Bo-Kyung Kim,bo kyung kim,kim bokyung
,Brad Guzan,brad guzan,
,Camilo Vargas,camilo vargas,
,Cédric,cedric,
,Chang-su Kim,chang su kim,
,Chicharito,chicharito,javier hernandez
,Chigozie Agbim,chigozie agbim,
,Chung-Yong Lee,chung yong lee,lee chungyong
,Cristhian Stuani,cristhian stuani,christian stuani
,Cristopher Toselli,cristopher toselli,
,Dae-seong Ha,dae seong ha,
,Daniel Cambronero,daniel cambronero,
,Daniel Davari,daniel davari,
,Danijel Subasic,danijel subasic,
,Dario Vidosic,dario vidosic,
,David de Gea,david de gea,
,Diego Calvo,diego calvo,
,Diego Pérez,diego perez,
,Domagoj Vida,domagoj vida,
,Dong-Won Ji,dong won ji,ji dongwon
,Donis Escober,donis escober,
,Edder Delgado,edder delgado,
,Eliaquim Mangala,eliaquim mangala,
,Erik Durm,erik durm,
,Esteban Paredes,esteban paredes,
,Eugene Galekovic,eugene galekovic,
,Fabián Orellana,fabian orellana,
,Fabrice Olinga,fabrice olinga,
,Fidel Martínez,fidel martinez,
,Fraser Forster,fraser forster,
,Geoffroy Serey Dié,geoffroy serey die,serey die
,Georgi Schennikov,georgi schennikov,
,Georgios Tzavellas,georgios tzavellas,
,Ghasem Hadadifar,ghasem hadadifar,
,Giannis Fetfatzidis,giannis fetfatzidis,ioannis fetfazidis
,Giannis Maniatis,giannis maniatis,ioannis maniatis
,Gordon Schildenfeld,gordon schildenfeld,
,Gotoku Sakai,gotoku sakai,
,Guk-yeong Han,guk yeong han,han kook-young
,Hashem Beikzadeh,hashem beikzadeh,
,Heung-Min Son,heung min son,son heungmin
,Hiroki Sakai,hiroki sakai,
,Hossein Mahini,hossein mahini,
,Isaac Brizuela,isaac brizuela,
,Ja-Cheol Koo,ja cheol koo,koo jacheol
,Jaime Ayoví,jaime ayovi,
,James Holland,james holland,
,Jasmin Fejzic,jasmin fejzic,
,Jean-Daniel Akpa Akpro,jean daniel akpa akpro,
,Jefferson,jefferson,
,Jeong-ho Hong,jeong ho hong,hong jeongho
,Jesús Corona,jesus corona,
,Johnny Herrera,johnny herrera,
,Jong-Woo Park,jong woo park,
,José Giménez,jose gimenez,jose maria gimenez
,José Holebas,jose holebas,jose cholevas
,José Juan Vázquez,jose juan vazquez,jose vazquez
,José María Basanta,jose maria basanta,
,José Miguel Cubero,jose miguel cubero,jose cubero
,José Pedro Fuenzalida,jose pedro fuenzalida,
,Ju-ho Park,ju ho park,
,Ju-yeong Park,ju yeong park,park chuyoung
,Juan Carlos Paredes,juan carlos paredes,juan paredes
,Juan Pablo Montes,juan pablo montes,
,Keun-ho Lee,keun ho lee,lee keunho
,Kevin Großkreutz,kevin großkreutz,
,Laurent Ciman,laurent ciman,
,Loïc Feudjou,loic feudjou,
,Loukas Vyntra,loukas vyntra,
,Luis López,luis lopez,
,Luís Neto,luis neto,
,Luis Saritama,luis saritama,
,Madjid Bougherra,madjid bougherra,
,Majeed Waris,majeed waris,abdul majeed waris
,Manabu Saito,manabu saito,
,Mandé Sayouba,mande sayouba,
,Mariano Andújar,mariano andujar,
,Mario Gavranovic,mario gavranovic,
,Martín Silva,martin silva,
,Masahiko Inoha,masahiko inoha,
,Massimo Luongo,massimo luongo,
,Matthias Ginter,matthias ginter,
,Mattia Perin,mattia perin,
,Maxi Pereira,maxi pereira,maximiliano pereira
,Máximo Banguera,maximo banguera,
,Maza,maza,francisco rodriguez
,Michael Uchebo,michael uchebo,okechukwu uchebo
,Michel Babatunde,michel babatunde,michael babatunde
,Mickaël Landreau,mickael landreau,
,Miguel Ponce,miguel ponce,
,Miiko Albornoz,miiko albornoz,
,Milan Badelj,milan badelj,
,Mitchell Langerak,mitchell langerak,
,Mix Diskerud,mix diskerud,
,Mohamed Lamine Zemmamouche,mohamed lamine zemmamouche,
,Nick Rimando,nick rimando,
,Odunlami Kunle,odunlami kunle,
,Ognjen Vukojevic,ognjen vukojevic,
,Oliver Zelenika,oliver zelenika,
,Óscar Bagüí,oscar baguei,
,Ousmane Viera,ousmane viera,
,Panagiotis Tachtsidis,panagiotis tachtsidis,
,Patrick Pemberton,patrick pemberton,
,Pavel Mogilevets,pavel mogilevets,
,Rabiu Mohammed,rabiu mohammed,mohammed rabiu
,Rafa Silva,rafa silva,
,Rahman Ahmadi,rahman ahmadi,
,Rashid Sumaila,rashid sumaila,
,Rémy Cabella,remy cabella,
,Reto Ziegler,reto ziegler,
,Reuben Gabriel,reuben gabriel,ruben gabriel
,Rodrigo Muñoz,rodrigo muñoz,
,Roman Bürki,roman buerki,
,Roman Weidenfeller,roman weidenfeller,
,Ron-Robert Zieler,ron robert zieler,
,Rony Martínez,rony martinez,
,Sammy Bossut,sammy bossut,
,Sammy Ndjock,sammy ndjock,
,Samuel Inkoom,samuel inkoom,
,Senijad Ibricic,senijad ibricic,
,Seok-ho Hwang,seok ho hwang,hwang seokho
,Sergey Ryzhikov,sergey ryzhikov,
,Seung-Gyu Kim,seung gyu kim,kim seunggyu
,Seyed Ahmad Alenemeh,seyed ahmad alenemeh,
,Seyed Jalal Hosseini,seyed jalal hosseini,jalal hosseini
,Shin-uk Kim,shin uk kim,kim shinwook
,Shuichi Gonda,shuichi gonda,
,Shusaku Nishikawa,shusaku nishikawa,
,Silvestre Varela,silvestre varela,varela
,Simon Mignolet,simon mignolet,
,Sol Bamba,sol bamba,souleymane bamba
,Stefanos Kapino,stefanos kapino,
,Stéphane Ruffier,stephane ruffier,
,Stephen Adams,stephen adams,
,Steven Beitashour,steven beitashour,
,Suk-Young Yun,suk young yun,yun sukyoung
,Sung-Ryong Jung,sung ryong jung,jung sungryong
,Sung-Yong Ki,sung yong ki,ki sungyueng
,Sylvain Gbohouo,sylvain gbohouo,
,Tae-heui Kwak,tae heui kwak,
,Timothy Chandler,timothy chandler,
,Tranquillo Barnetta,tranquillo barnetta,
,Vangelis Moras,vangelis moras,
,Vasilios Torosidis,vasilios torosidis,vasileios torosidis
,Victor,victor,
,Vladimir Granat,vladimir granat,
,Waylon Francis,waylon francis,
,William Carvalho,william carvalho,william
,Yann Sommer,yann sommer,
,Yong Lee,yong lee,lee yong
,Young-gwon Kim,young gwon kim,kim younggwon
,Yuri Lodygin,yuri lodygin,
